Label,# Samples,Average,Min,Max,Std. Dev.,Error %,Throughput,Received KB/sec,Sent KB/sec,Avg. Bytes
HTTP Request,5000,2034,341,21455,2508.67,0.000%,205.77825,962.78,96.86,4791.0
TOTAL,5000,2034,341,21455,2508.67,0.000%,205.77825,962.78,96.86,4791.0
